epoch,num_batches,mean_abs_td_error,mean_target,mean_q,max_q,min_q,policy_return,chose_short_path,selected_optimal_path
0.0,600.0,0.007964687884146594,0.006953036600066851,0.0007247307683622729,0.10085498977772722,-0.00298512761695655,0.36972963764972644,1.0,1.0
1.0,600.0,0.007974217310135987,0.007786837139513236,0.0014313610706466686,0.1907694907999545,-0.002677719904985573,0.36972963764972644,1.0,1.0
2.0,600.0,0.008010803609723005,0.008648435586890635,0.0021534713683832953,0.27169254171995905,-0.002405418508646898,0.36972963764972644,1.0,1.0
3.0,600.0,0.007841760017011389,0.009302536820717088,0.0028687708921347637,0.34452328754796313,-0.0021655439636596814,0.36972963764972644,1.0,1.0
4.0,600.0,0.007657797432328019,0.009913977878727723,0.003573677335204565,0.4100709587931668,-0.0019498900249483738,0.36972963764972644,1.0,1.0
5.0,600.0,0.007678996128652347,0.010709452103185071,0.004287637638321704,0.4690638629138501,-0.0018001123670357603,0.36972963764972644,1.0,1.0
6.0,600.0,0.007533351473840516,0.011335542435835197,0.004992809128289324,0.522157476622465,-0.001665312474914408,0.13533300490703204,0.0,0.0
7.0,600.0,0.007406462759235044,0.01196942715636653,0.005690852493706138,0.5699417289602186,-0.0015386064219865213,0.13533300490703204,0.0,0.0
8.0,600.0,0.007479107510644427,0.012783712895129811,0.006400521558803554,0.6129475560641967,-0.0014224340118449772,0.13533300490703204,0.0,0.0
9.0,600.0,0.007279972913082385,0.013332840294105204,0.007094137973613789,0.6516528004577771,-0.0013163526856825795,0.13533300490703204,0.0,0.0
10.0,600.0,0.007438048359350542,0.014217899161986468,0.007806900385908566,0.6864875204119993,-0.0012208794921364215,0.13533300490703204,0.0,0.0
11.0,600.0,0.00728700320917311,0.014811694715614674,0.008507768194100925,0.7178387683707994,-0.0011749856913349677,0.13533300490703204,0.0,0.0
12.0,600.0,0.007227551568958205,0.015478158503650535,0.009205197421509003,0.7460548915337195,-0.001149269620606509,0.13533300490703204,0.0,0.0
13.0,600.0,0.007243367509405836,0.01621258627105206,0.009906328294941076,0.7714494023803475,-0.001118684337159105,0.13533300490703204,0.0,0.0
14.0,600.0,0.007292402833449986,0.016982369701559055,0.010614326121051555,0.7943044621423128,-0.0010878413453011286,0.13533300490703204,0.0,0.0
15.0,600.0,0.007230800197830929,0.01764595564051781,0.011317884060370894,0.8148740159280815,-0.001059420343455209,0.13533300490703204,0.0,0.0
16.0,600.0,0.007165502855267992,0.01830078712484049,0.012016570342647836,0.8333866143352734,-0.0010282263956760955,0.13533300490703204,0.0,0.0
17.0,600.0,0.007257732663412899,0.019104745950175084,0.012725784514076091,0.8500479529017461,-0.0009996153722441634,0.13533300490703204,0.0,0.0
18.0,600.0,0.007198475077350945,0.01976667283805389,0.013430270299278,0.8650431576115715,-0.0009710732130723045,0.13533300490703204,0.0,0.0
19.0,600.0,0.007058417299867485,0.020341946650999653,0.014121834877812867,0.8785388418504143,-0.0009407839162783937,0.13533300490703204,0.0,0.0
20.0,600.0,0.007203728113304321,0.021188732020867296,0.014828921100373631,0.8906849576653729,-0.000913523549163874,0.13533300490703204,0.0,0.0
21.0,600.0,0.0070436599339829395,0.021744494009274903,0.015520874247678333,0.9016164618988356,-0.0008843468376091279,0.13533300490703204,0.0,0.0
22.0,600.0,0.006964365189002669,0.022365020806939397,0.016205683992461393,0.911454815708952,-0.0008560493850871241,0.13533300490703204,0.0,0.0
23.0,600.0,0.007109892929193651,0.023201874956223563,0.016905697224166117,0.9203093341380568,-0.0008305816778173207,0.13533300490703204,0.0,0.0
24.0,600.0,0.007068155896204012,0.023866210605445245,0.017602141744694544,0.9282784007242512,-0.000803677609131342,0.13533300490703204,0.0,0.0
25.0,600.0,0.007010262114063493,0.02450949550341468,0.018293269122341648,0.9354505606518261,-0.000777509462277462,0.13533300490703204,0.0,0.0
26.0,600.0,0.006982944161760931,0.025178026591697874,0.018982135498070096,0.9419055045866435,-0.00075395813010897,0.13533300490703204,0.0,0.0
27.0,600.0,0.007079660848994355,0.025967974853452022,0.019681108655853586,0.9477149541279791,-0.000729998819747568,0.13533300490703204,0.0,0.0
28.0,600.0,0.007111352057058977,0.02670268825546626,0.020383654466037692,0.9529434587151813,-0.0007215454505561205,0.13533300490703204,0.0,0.0
29.0,600.0,0.006975637965405218,0.02727338295832799,0.021073013718187532,0.9576491128436632,-0.0007115462137886935,0.13533300490703204,0.0,0.0
30.0,600.0,0.007033768509488223,0.02802413523667299,0.021768510838109677,0.9618842015592969,-0.0007025469006980092,0.13533300490703204,0.0,0.0
31.0,600.0,0.007036621383948962,0.02872526940001625,0.02246457012862856,0.9656957814033672,-0.0006910143071790825,0.13533300490703204,0.0,0.0
32.0,600.0,0.006939554373361654,0.02932725284582841,0.023151220405723965,0.9691262032630305,-0.0006790950826002558,0.13533300490703204,0.0,0.0
33.0,600.0,0.0069375822471697095,0.03001414355802119,0.023837893341085194,0.9722135829367274,-0.0006683677804793118,0.13533300490703204,0.0,0.0
34.0,600.0,0.006957665291997425,0.030723261275684508,0.024526809495637004,0.9749922246430547,-0.0006629763708907535,0.13533300490703204,0.0,0.0
35.0,600.0,0.006939374186352545,0.03139640011362203,0.025214146733298564,0.9774930021787492,-0.0006583401332356133,0.13533300490703204,0.0,0.0
36.0,600.0,0.006967270960122859,0.032113784836507266,0.025904487602475688,0.9797437019608743,-0.0006531480014172029,0.13533300490703204,0.0,0.0
37.0,600.0,0.0068987592284276734,0.032737207821239615,0.026588135557957103,0.9817693317647869,-0.000647388446724046,0.13533300490703204,0.0,0.0
38.0,600.0,0.006978386289101947,0.033502080235561206,0.02727990512651044,0.9835923985883082,-0.0006410747121206624,0.13533300490703204,0.0,0.0
39.0,600.0,0.006902312152609014,0.03411949041820747,0.027964237913382515,0.9852331587294774,-0.0006342089427867224,0.13533300490703204,0.0,0.0
40.0,600.0,0.006954098778839821,0.03485678343280005,0.028653865788095423,0.9867098428565296,-0.0006267996418860209,0.13533300490703204,0.0,0.0
41.0,600.0,0.0068680198308029424,0.03546217690215182,0.029335069329645407,0.9880388585708767,-0.0006188715372958665,0.13533300490703204,0.0,0.0
42.0,600.0,0.006900563572557186,0.036177067053857155,0.030019640756739067,0.989234972713789,-0.0006117362431647276,0.13533300490703204,0.0,0.0
43.0,600.0,0.006808249873858815,0.0367704530795972,0.030695092725881057,0.9903114754424102,-0.0006059784090864147,0.13533300490703204,0.0,0.0
44.0,600.0,0.006926074464881259,0.03756529456864663,0.03138248283677188,0.9912803278981691,-0.000604025665633878,0.13533300490703204,0.0,0.0
45.0,600.0,0.0068346756123208105,0.03816228349864572,0.032060831848508275,0.9921522951083522,-0.0006014259854636128,0.13533300490703204,0.0,0.0
46.0,600.0,0.006859590744956117,0.03886620443919733,0.03274173727367786,0.992937065597517,-0.0005994025132160672,0.13533300490703204,0.0,0.0
47.0,600.0,0.0069025632756758645,0.03959146364079268,0.03342707722971172,0.9936433590377654,-0.0005986023959976647,0.13533300490703204,0.0,0.0
48.0,600.0,0.006859205284516358,0.04023452875959436,0.034108188717008464,0.9942790231339889,-0.0005969495420803748,0.13533300490703204,0.0,0.0
49.0,600.0,0.00678073057149229,0.04083790628343834,0.034781526040025774,0.99485112082059,-0.0005948902192162097,0.13533300490703204,0.0,0.0
